3.1,3.2,3.3,3.4,3.5,3.6,3.7,3.8,3.9,,4.1,4.2,4.3,4.4,,5.1,5.2,5.3,5.4,5.5,5.6,5.7,5.8,5.9,5.1,5.11,5.12,,11-1横向测试答案,11-2横向测试答案,11-3横向测试答案,11-4横向测试答案
Right answer,Right answer,Right answer,Right answer,Right answer,Right answer,Right answer,Right answer,Right answer,,Right answer,Right answer,Right answer,Right answer,,Right answer,Right answer,Right answer,Right answer,Right answer,Right answer,Right answer,Right answer,Right answer,Right answer,Right answer,Right answer,,Right answer,Right answer,Right answer,Right answer
,,,,,,,,,,,,,,,,,,,,,,,,,,,,,,,
ability,cabinet,debt,faculty,hotel,moustache,potteries,roommates,taxi,,abnormal,famed,popular,almost,,a (great) variety of,bulletin board,contact lenses,emotion and mood,free for heating,hotel crime,living cost,on campus,range of English level,sky dome,theme garden,abbreviation,,caravan,canoe,rangers,code
abstract,cable,decade,failure,hotline,mouth,power,route,tea,,academic,familiar,positive,currently,,a balanced diet,breathtaking,cooperating research elements,end of term,free of charge,hunt for,living expenses,on foot,rapid population growth,sleeping pills,theme of project,access,,navigation,donation,measurement,maximum
accountant,cafe,decision,falcon,hunt,movie,powerpoint,rule,teacher,,accessible,famous,possible,directly,,a couple of,breed fish,coping with stress,endangered species,free transportation,house insurance,loans,on sale,raw materials,sleeping sickness,theme park,accessible,,demonstration,labels,voluntary,coconut
accuracy,cafeteria,decline,fan,hunting,muscle,precaution,safari,teaching,,accountable,fancy,potential,effectively,,a pair of glasses,British Council,corporate loan,energy industry,fruit juice,house key,local walking club,on small scale,rare lions,slide presentation,theoretical background,accident,,candles,luxury,darkroom,mould
acid,cage,decorations,fare,idea,museum,precision,safety,team,,accurate,fashionable,practical,efficiently,,a period of time,British Library,cost effective,engineers,fruit trees,housing agency,local history,one-way ticket,rare species,small scale,theoretical framework,affair,,canteen,lock-up,reflective,machinery
action,Cambridge,delay,farm,identification,music,preference,sail,jargon,,additional,favourite,precious,originally,,A plus,British Museum,cost of living,engineering room,functions and places,human beings,local industry,one-way,rare fish,small scar on his chin,tiger shark,announcement,,intermediate,warehouse,portfolio,elastic
activity,camel,delegate,farmer,identity,musical,preposition,sailing,term,,adequate,final,predictable,physically,,a series of,broaden one's horizon,costume party,engrave,full-time,human consumption,local pet shop,online shopping,reach one's destination,smoke alarms,theory chapters,assume,,vegetarian,ferries,fireplaces,vertical
actor,camera,delight,farming,image,musician,prescription,salad,technology,,advanced,financial,present,professionally,,a serious person,broaden one's view,cough mixture,enrollment fee,full name,human race,local product,open admission,readers,social activities,theory of application,accommodation,,campsite,comfortable,priority,accountable
adult,camp,delivery,fashion,impact,nap,presentation,salads,teeth,,advisable,fine,previous,rapidly,,a sharp turn,brother-in-law,country music,entrance fee,fur trade,human resources,local resident,open shelves,reading habits,social isolation,therapy method,recommendation,,helicopter,preservation,verbalisation,decisions
adventure,campus,demonstration,fat,imports,nature,preservation,salary,telephone,,allergic,firm,printed,regularly,,abilities,buses,course fee,environment agency,further education,ice curling,local school,open-book exam,reading hits,social issues,tilled land,annex,,donations,authority,nest,seasonal
advertisements,candidate,dentist,feast,inability,naught=nought,president,sale,telescope,,alternative,flexible,private,scarcely,,academic English,bus pass,course and materials,environmental damage,Garden Hall,ice pack,local shop,optic examination,reading list,social matter effects,third floor,according,,moonlight,flamingo,evaporation,herds
advertising,candle,department,feather,incoming,neck,prevention,salt,television,,amazing,foreign,professional,virtually,,academic problems,bus routes,course director,environmental issues,garden tools,ice skating,local student,optional course,reading session,social matters,third-year student,breeding,,mid-range,trails,hive,clay
advice,canteen,deposit,feature,index,net,printing,sample,temper,,ambiguous,formal,promising,,,academic system,business card,cover the cost,environmental science,generation of electricity,identities,local tribes,optional expenses,recall library books,social problems,thinking pattern,surrounding,,warehouse,poster,conservation,eco-cement
age,capital,depth,feedback,industry,newspaper,priority,sandal,temple,,ambitious,former,psychiatric,,,academic teaching staff,business class,craft goods,environmental studies,gas station,identity card,lookout points,oral defence,recall system,social status,way of thinking,cooking,,double-grill,altitude,networkers,nuts
agency,capsule,description,fellowship,infection,night,privacy,satellite,text,,analytical,free,psychological,,,accommodation expense,business culture,credit card,environmentally-friendly,general election,illegal profits,lock all windows,orange juice,receive prizes,social workers,timetable,account,,researcher,vegetation,ecosystem,arrows
agreement,carbon,desert,female,influence,noise,prize,sauce,texture,,ancient,frequent,public,,,accommodation fee,business ethics,creeks,Evening News,general English,in visible view,long-term loan,ordinary farmers,reception area,soft drinks,time measurement,accountancy,,website,calligraphy,flexibility,spears
agriculture,care,design,ferries,information,north,problem,saving,galaxy,,angry,fundamental,pure,,,accommodation form,business faculty,crime awareness,evening appointment,general English practice,immune system,loss of soil,organic farming,reception centre,soft toys,time priority,acounting,,charge,caravan,forestry,concentrated
aid,career,designer,festival,injection,northeast,product,scale,theft,,applied,further,purest,,,accountants,business studies,crime rate,exercise one's muscles,general health,in advance,lose temper,organic fiber,reception desk,sound efect,time management,addition,,access,layout,literature,shipping
aim,carpet,desire,field,injury,northwest,production,scandal,theory,,archaeological,general,Queen's,,,action plan,business trip,cross passage,exhibition of instruments,general ideas,in chemistry lab,loudspeaker,organic food,recreation therapy,solar system,title of essay,additional,,bills,format,regulator,segments
air,carving,desk,figure,inland,nose,professors,scandals,therapist,,artificial,genetic,random,,,added panic,cages,cultural differences,experimental for construction,general method,in circles,love story,organic material,recruit method,solar power,to some degree,address,,waitress,flooding,hammer,germs
allergy,cashier,destination,film,insect,note,profit,scar,therapy,,artistic,geographical,rapid,,,admission card,cabin keys,culture shock,experimental facilities,general science,in circulation,low nutrition,Oriental studies,recycling material,sore throat,to some extent,dress,,excursion,rural,incubator,corn
alley,castle,detail,finding,insomnia,notice,project,scent,thesis,,ascending,global,rare,,,admission office,cable car,curve chart,expected duration,geography trip,Indian Ocean,low-frequency noise,original reason,Red Flag,spare time,toilet facilities,dressing,,duration,hard-working,workforce,insects
allowance,category,diary,finger,institute,nurse,promotion,schedule,thief,,atmospheric,handy,raw,,,adult students,circulation desk,currency form,express train,geographic location,incoming calls,low income,out circulation,red kangaroo,spare parts,too much work,assessment,,elevator,torch,attachment,coastline
alteration,cathedral,dictation,firms,institution,nursery,prone,scheme,thieves,,attentive,harmful,recycled,,,advanced course,call slip,current account,express way,geographical value,Independence Day,magazines and journals,out of temper,red meat,spare socks,tomatoes,admission,,postage,sack,stable,critical
altitude,cause,diet,fish,instruction,nursing,property,scholar,thinking,,audio,hazardous,redundant,,,advanced degree,campus crime,cycling route,extension number,give sb. a sack,industrial material,magical animals,out on loan,reference books,space shuttle,tones,commission,,signature,souvenirs,journal,cognition
ambition,cave,dining,fishing,instructor,nut,prospectus,scholarship,third,,available,healthy,regional,,,Advanced English Studies,candles,customs service,extensive writing,given name,information board,machines and robots,outside activity,reference skills,special audio equipment,top shelf,depression,,liberty,funnel,confidence,emotion
ambulance,cents,dinners,flag,instrument,nutrition,protein,science,thought,,aware,heavier,regular,,,agrarian reform,cannot meet the deadline,cut and polished,exchange drafts,give a prescription,information video,martial art,overall aim of the health club,reference stacks,special chemicals,top ten,affects,,adventure,rendezvous,craftwork,intelligence
amount,century,dioxide,flash,interest,objective,psychiatrist,scientist,threat,,awful,heavy,reinforced,,,ahead of time,car model,damages,extra charge,give up,information desk,maid servant,overall trend,refresher course,special mail,touching rocks,effects,,automatic,vetting,internship,connected
analysis,certificate,direction,flat,Internet,occasion,psychologist,score,thriller,,auto,helpful,related,,,aim of lecture,car rental,dark clothes,extra workload,give a speech,information page,mails,overdue and pay a fine,registered mail,special offers,tour guide,effective,,painkillers,acknowledgement,workload,self-centred
analyst,chair,director,flight,interviewer,occupant,psychotherapy,script,ticket,,bald,herbivorous,relevant,,,aims,car tires=car tyres,dark trousers,ethical film,give confirmation,information sector,malling list,overhead projector,regular meetings,special party hats,tourism organization,effectively,,sailing,wildlife,appendices,passive
anger,chance,disagreement,flood,introduction,ocean,publication,sculpture,tide,,barren ,higher,reliable,,,air pollution,card index,dateline,eye doctor,get feedback,inland region,major in nursing,overhead view,regulations,special rule,tourist brochures,appeal,,keyboard,hostel,parliament,stimulation
animal,chancellor,disaster,flooding,investigator,oculist,pump,sea,tides,,basic,highly-trained,remote,,,air pump,card catalog=card catalogue,data analysis,eye contacts,guide book,initial migration,main course,overseas student,reinforced by wood and steel,specialist engine design,Town Hall,annual,,transit,water-ride,recreational,lid
ankle,channel,discipline,flour,investment,ointment,purpose,season,tile,,beautiful,historical,resistant,,,air shuttle bus,comment card,data assessment,essay plan,guided tour,injection of vaccine,main entrance,hitchhike,relate to,specialized course,toy factory,arrival,,enjoyable,waterproof,windmill,gravity
answer,chapter,disco,flourish,irrigation,option,purse,seat,timber,,biological,least,reverse,,,air conditioner,carbon dioxide,date of birth,extinct species,go to hospital,institutes,main hall,packages,remain steady,specialized museum,traffic flow,applicant,,snowboarding,rollercoaster,mating,stems
Antarctica,character,discomfort,flow,island,order,quality,second,time,,blind,ill,rising,,,alarm system,carve,date of expiry,face-to-face interview,global listening,institutions,main kitchen,package tour,replacement of jobs,specialized sports fcilitie,traffic jam,application,,landscape,resort,fabric,obstacles
ape,charge,discos,flu,isolation,ordinary,quantity,secretary,title,,blond,illegal,royal,,,alternative energies,carving wood,date slip,failure rate,global warming,insects haunting,main library,packing list,replacement policy,species in rare animal area,traffic lights,applied,,helmet,anniversary,cardiovascular,mechanism
appearance,charity,discount,fly,item,organizer,quarter,section,toaster,,British,immune,rural,,,ATM,case study,day pupil,family medical history,gold medal,instructors,make an appointment,Pacific Ocean,required course,species of crocodiles,traffic rules,appliance,,mask,committee,feasibility,seminar
architect,chart,discovery,forest,jacket,original,question,sector,toilet,,broad,important,sacked,,,amusement park,case studies,day school,familiar with,Gold Street,instruction of handbook,make plans,paddling pool,research approach,spending plans,traffic safety,approach,,moderate,off-peak,evaluation,drought
architectures,chat,disease,forestry,jam,outline,radar,selection,tomato,,buried,impossible,safe,,,an educational film,choices for facilities,day shift,family abuse,Golf Club,instant coffee,map of cave,pages,research assistant,spiders,transportation card,appointment,,ladder,towel,collaborative,erosion
area,checklist,dish,form,jaw,overdraft,radiator,selections,tone,,calculating,inaccurate,satisfactory,,,analyse data,cassette recorders,debts,family ticket,good eyesight,interpersonal skills,manage time better,pal group relationship,research findings,spiral notebook,travel agency,approval,,concentration,all-in,simulation,digestion
argument,checks,disposal,formula,jeans,owner,radio,seminar,tool,,casual,inadequate,scarce,,,ancient temple,CD player,decades,family name,good shoes,insurance companies,manmade dam,palaces,research methods,sports article,travel package,approximate,,categories,hovercraft,coverage=lettering,furniture
aristocrat,cheese,dispute,fortnight,journal,ownership,railway,sense,top,,central,individual,scientific,,,annual membership fee,CD-ROM,decayed teeth,family relationship,good steering,insurance company,manual facilities,palm tree,research opportunities,sports suit,traveller's check,assistanc,,variable,roadworthy,precision,retail
army,chemist's,distance,fortune,judge,Oxford,rain,sentence,topic,,challenging,industrial,seasonal,,,answer questions,casual clothes,decoration balloons,fancy dress,goodbye party,intensive course,market research,paper jam,research results,sports centr,treatment method,assistant,,sauna,overfill,originality,maturity
art,chest,divorce,foyer,juice,package,rainfall,servant,total,,cheaper,informative,seasoned,,,ant intelligence,casual wear,deliver a speech,fancy ball,government policy,intensive study,market cycle,parent's meeting's aim,research source,sports hall,Trinity College,associate,,child-minding,archaeology,objective,postal
article,chick,document,freedom,junction,page,range,service,touching,,cheerful,initial,secondary,,,antibiotics and acid,charges,delivery desk,fancy dress party,government-funded,interlibrary service,market economy,parental teaching,resident student,sports shoes,tropical diseases,association,,racket,classification,nutrition,self-evaluation
aspirin,chicken,documentary,freezer,junior,paint,rank,sewage,tour,,children's,inspiring,second-hand,,,appearances,cater to,department building,falcons,grasp keywords,intermediate course,marketing management,part-time job,residential college,spinose plants,tuition fee,attachment,,coach,coursework,pesticide,random
assignment,child,donation,freshman,keeper,painting,rat,sewer,touring,,classical,intact,self-funded,,,apple juice,catering facilities,department store,farewell party,graduate school,internal clock,marketing research,part-time,resistance from parents,stack system,tutorial system,attack,,handles,cranberry,fuels,cost-effective
atlas,chin,donkey,fruit,kelp,pair,rate,sex,tourism,,clean,intelligent,self-sufficient,,,application form,catering staff,departmental address,farming products,graduation announcements,international club,marketing techniques,party wears,resource management,stacks,twin room,attempt,,nylon,hazel,weight,navigate
audience,chocolate,draft,fur,keyword,pal,rats,shade,tourist,,cleanest,intensive,senior,,,applied mathematics,center hall,desire to learn,fear of unemployment,grain pattern of timber,international evening,marketing seminar,passport photos,resource protection,standard of education,TV series,attitude,,package,documentary,respondents,genetic
auditorium,choice,drama,furniture,kid,palace,ray,sheep,towel,,clear,interesting,sensible,,,applied science,center manager,desk lamp,feel one's pulse,grain pattern,international student card,marketing strategies,pay for loss,resource sharing,standard suite,TV chat show,attend,,receipt,dustbin,relevant,density
author,church,draw,future,king,panic,reader,sheet,tower,,clever,intermediate,serial,,,architecture style,central heating,details,female corpse study,great favourites,international student,mass media,payment method,resources room,stars,under pressure,attendance,,waterfall,garbage,discipline,triangle
authority,cinema,drawer,gallery,kiosk,paper,reading,shelf,town,,coastal,internal,serious,,,Arctic Ocean,Central Avenue,detective film,field method,ground floor,Internet access,mind map,per day,respect the local environment,starter project,undergo processing,attention,,partner,dirt,reliance,cliffs
average,circle,drink,gap,kit,parcel,reason,shell,track,,comfortable,international,seven-screen,,,Atlantic Ocean,Central Park,digital camera,field system,green waste,Internet cafe,Master's degree,per month,result from,starting point,underground car park,attentive,,voucher,fertilisers,ink,comprehension
award,city,drinking,garage,kitchen,parent,reception,shelter,tractor,,common,irregular,several,,,avoid touching rocks,Central Station,digital system,field trip,greyhound bus,Internet system,Master Card,per person,result in,states,underground railway,business,,gym,fernery,tourists,format
bachelor,clarity,driver,garbage,kits,park,recipe,ship,trade,,commonsense,irritable,shared,,,arm badge,certificate of childcare,different levels,field work,group discussion,investigators,meat and cheese,per week,review of literature,steak set,unhealthy diet,balloon,,laptop,corrections,farming,irrigation
background,cleaner,driving,garden,knife,parking,recorder,shoe,tram,,complete,isolated,sharp,,,arrive at one's destination,charitable organization,dining hall,film festival,gym membership,irrigable land,mathematic formula,per year,review promptly,steam engine ship,Union Bank,cartoon,,yoga,theoretical,sample,contaminants
bacteria,cleaning,drug,gasoline,knowledge,participant,recording,shoplifters,tragedy,,completed,key,short,,,art gallery,charity hospital,dining room,film studio,hens,isolated spot,mature students,permit required,rice cultivation,steel and wood,units of measurement,spoon,,knife,region,village,soldiers
badge,client,drum,gender,koala,passages,recreation,shopper,trailer,,confident,latest,sick,,,art museum,check in,diseases,financial advice,high wind,job interview,media studies,personal alarm,Riverside Restaurant,stiff neck,University Drive,billion,,neck,assignment,occupants,concrete
badminton,cliffs,due,germ,lab,passenger,recruit,shortage,training,,conservative,legal,silent,,,articles from journal,check out,distant deadline,financial affairs,half human,jaws,media centre,personal statement,Rose Lane,still water,university facilities,ballroom,,mat,miniature,certificate,lifespan
backpack,climate,duration,gesture,lake,pastime,recycling,shower,trend,,convenient,little-known,silver,,,artistic approach,checklist,distance learning,financial budget,half term,joint membership,media room,personal trainer,robots,stock market,university guide,bathroom,,container,biscuit,referee,therapy
baldness,clinic,dust,glass,lamp,patient,referee,side,travel,,co-operative,loyal,similar,,,Asian studies,chest infection,divorce rate,financial department,hard-hoofed animals,keepers,medical science,PHD,rock salt,stomach and heart,University of Wollongong,playroom,,buffet,meadow,limitations,temperature
band,clock,duty,goal,land,payment,reference,sight,traveler,,corrupt,magic,simple,,,assessment methods,chemistry lab,distinguishing feature,financial executive,hall of residence,jump the queue,medical centre,philosophers,romance story,stomach muscles training,university resource,roommate,,enlargement,digestive,connectives,fluids
bandage,cloth,eagle,gold,landmark,pedestrian,reflectance,sign,treatment,,costly,magical,sleepy,,,assessment of patients,Church Road,distribution of population,financial goals,halls of residence,jump the line,medical history,phone bill,Rose Garden,stones,unsocial hours,barren,,studio,fertilizer=fertiliser,journalists,kidney
bands,clothing,ear,golf,landscape,pension,reform,signature,trip,,cream,magnificent,slim,,,assistant professor,chequebook,downward trend,financial market,hand pump,killer whales,booklist=book list,photocopies of notes,row house,storage space,upward trend,barrier,,critic,rabbit,publication,sustainable
bank,club,east,grade,language,pensioners,refuge,silence,tribe,,critical,major,smart,,,associate with,cheque card,do training courses,financial organization,hands broken,Kungfu film,membership consultant,photocopies of articles,round trip ticket,storehouse and temples,urban area,better,,zoom,trash,informality,portable
banquet,coach,eating,grades,laptop,percent,region,simulation,tribute,,crucial,martial,smelly,,,assume the responsibility,concentrate on,Doctor's degree,financial policy,have access to,kelp forest,membership of a club,photocopy of article,round trip,stories,vacuum cleaner,buffet,,lens,nutrition,informative,excitement
base,coast,economy,graduate,laser,performer,regulation,single,tributes,,cultural,mature ,social,,,at least,circus performance,domestic factors,financial problems,harmful insects,key approach,mental ability,photocopy office,route map,story conference,vacuum the stairs,beginner,,infrastructure,aging,ideal,mammal
basement,code,editor,graduates,lava,perfume,relation,site,trinity,,curly,medical,solar,,,area for improvement,Children's Day,domestic student,financial shortage,harmful to humans,key to reception,mental education,physical activities,road map,stress levels,"vary according to the type, shape",beginning,,electricity,hothouse,ascent,breathe
bases,coke,education,grain,lawyer,period,relationship,size,trolley,,current,mental,soundproof,,,awards,cheese production,domestic violence,financial source,have strong hearts and lungs,keywords,microwave oven,physical education,royal commission,stress management,vary one's diet,planner,,resort,habitat,summit,pollutants
basis,cola,elbow,grass,layer,periodical,relaxation,skating,trouble,,daily,mid,southern,,,atmospheric pollution,city's expansion,door key,fine arts,have an operation,kick sb. out of work,mid-autumn festival,physical surroundings,rubber blanket,stressful,vegetable burger,planning,,infection,procedure,package,guidelines
bath,colleague,elder,green,lecture,perk,relief,skeleton,tube,,dairy,migratory,spacious,,,atmospheric warming,city council,door-to-door service,fine texture,have high rank in geography,king-sized bed,midmorning snacks,physical therapy,rubber tree,stretching,video project,blood,,fountain,budget,firewood,mapping
batteries,college,electricity,ground,lecturer,permit,religion,skill,tunnels,,dangerous,military,spare,,,Australian dollars,city overhead view,drugs,fire alarm,have strong financial muscles,King's suite,mid-range,pie chart,rules and regulations,stretching movements,video recording,bloom,,vest,proposal,stormy,calculator
battery,comedy,elements,group,leisure,person,remark,skin,tuition,,dark,miserable,special,,,average ability,commuters,double lock,fire blanket,help desk,knives,mid-semester,pine tree,run risks,strict control,video signal,boot,,qualification,pavement,proportion,perfumes
beach,commercials,elevator,growth,lemon,personality,removal,skirt,tune,,departmental ,mobile,specialized,,,bricks,class representative,double room,fire drill,headmaster,kitchen table,migration patterns,pink slip,running facilities,strong scent,videotape editor,book,,poverty,restriction,dimension,exploration
beard,commuter,emotion,guest,lender,pet,renewal,slang,tunes,,dependent,moderate,species,,,bowls,conquerors,double grill,fire management,head office,kitchen utensils,mileage ticket,placement test,running tunnell,strong wind,visual aids,booking,,expectation,cookery,upheaval,toothache
beats,companion,emperor,guide,length,petrol,rent,slave,tutor,,detailed,modern,specific,,,Bachelor's degree,cleaning equipment,Drama Theater,first floor,healthcare,lamps,miles,planet science,rural area,student account,VIP class,booklet,,glue,calorie,adaptable,pirates
beauty,company,employee,gulf,lesson,petroleum,rental,sleep,type,,different,musical,spiral,,,bad eyesight,cleaning materials,Drama Festival,first name,health check,listening tapescript,military museum,Planet Society,role of staff,student banking,virtual learning,cannibal,,font,noticeable,evolutionary,powder
bed,complaint,employer,guy,letter,philosopher,repetition,sleeping,umpire,,direct,natural,stable,,,bad management,clear argument,drama teacher,first-aid kit,health club,lab equipment,mill the grain on the ground,planning meeting,rush hour,student debt,VISA,connect,,reliable,visibility,cognitive,cosmetics
bedroom,complex,encyclopedia,gym,level,photo,replacement,slip,understanding,,disabled,negative,steady,,,Baked Earth,classmates,draw a conclusion,first-year student,heart attack,lack confidence,millions of,planting garden,safety check,student hostel,violent crimes,cassette,,keyboard,congestion,commitment,carpets
bed sheet,computer,ending,habit,library,photograph,report,smell,utensil,,distant,neighboring,stout,,,bank statement,coarse texture,disabled access,fish cakes,heartbeats,lack of confidence,mountains,plastic bags,safety helmet,student information desk,volcanic dust,cattle,,violin,fume,anatomy,tunnel
bedsit,concert,energies,hand,lift,physician,reproduce,smoke,uniform,,distinct,nervous,strained,,,bank transfer,comfortable clothes,dropout rate,fish tank,heart disease,landmark,mineral water,plastic collection,safety helmets,student representative,warm bath,classical,,manufacturing,modify,counterpart,packaging
behaviors,conclusion,engine,handball,light,physics,research,smoking,union,,domestic,noble,stressful,,,banking center,colleagues,dress code,fishing boat,heat indicator,large slide,minimum qualification,plus,sales team,student service,volume chart,classification,,outfit,fortune,sensitive,worms
belt,condition,engineer,handbooks,line,pianist,reservation,snack,university,,dominant,noisy,stretching,,,bar chart,clock watch,dress rehearsal,fishing industry,horse hair,large-scale housing,mining industry,pocket money,safety office,student support service,voting system,classmate,,shade,reptile,adaptation,odor
benefit,conferences,entrance,handling,lion,piano,reserve,soil,usage,,eastern,non-active,strong,,,bar code,closed shelves,disputes,fitness centre,horse riding,lecture hall,mobile phone,point of view,safety regulations,student union,waiting list,comment,,myth,territory,implication,butterflies
beverage,confidence,epidemic,handout,lists,picnic,residence,solution,vacancy,,economic,normal,stronger,,,barbecue set,close-book exam,drinking machine,fitness club,herb tea,laser printing,Modern Languages,polish cars,Silent Island,studio apartment,walking boots,commercial,,harvested,monogamous,novice,bacteria
bibliography,confirmation,equipment,hat,loan,picture,resident,sound,vacation,,educational,northern,subjective,,,barren land,closed reserve,drinks and snacks,fitness level,herd of cattle,last but not least,modern management hotel,poor area,sandglass clock,study aids,walking club,communication,,opened,avoidance,potential,protein
bicycle,congestion,ethic,headache,location,pie,resource,source,value,,effective,objective,successful,,,barren mine,closed-circuit TV,drink less coffee,fitness training,host family,last name,modern sports facilities,pop te,satellite TV station,study circle,weight training,community,,cleaned,aspiration,annual,migration
bill,conqueror,evening,heading,lock,pill,respondent,south,particulars,,efficient,occupational,sufficient,,,basic course,coffee shop,driver's license,fixed expenses,high rank,lawyers,money diary,population explosion,School of Arts and Sciences,study club,washable shoes,common,,expanded,aerobic,dismissive,morality
biologist,conquest,event,health,loss,pink,response,southeast,variety,,elementary,Olympic,suitable,,,basic rule,coffee break,driving license,flexible working time,highly-trained staff,layout of resume,money lender,population growth,school uniform,study techniques,washing machine,cotton,,cooled,expedition,adaptability,situational
bird,conversation,evidence,hearing,lounge,place,restaurant,southwest,vegetable,,empty,optic,super,,,be allergic to sth.,coffee machine,directors,flight number,higher education,learning strategies,money management,population of crocodiles,science fiction,styles,wedding photos,coffee,,sealed,maths=math,pigeon,aspirations
birth,conservation,examination,heart,loyalty,placement,result,space,velvet,,enormous,optional,surprised,,,be out of temper,collection tank,drop-off site,flowers' taste,high-rise buildings,learning styles,money order,positive effect,science museum,stuffed nose,waste handling,cottage,,segment,phonebook,specimen,amber
blanket,construction,example,heating,luck,plan,retirement,speaker,vet,,enthusiastic,oral,systematic,,,bed sheet,collections,drop-off,flying craft,high-quality camera,leisure wear,monopoly of education,possible causes of stress,scientific approach,stuffed toys,waste disposal,cramming,,disability,nitrogen,inclusion,tolerance
blast,consultant,exception,hen,lunch,planners,return,speaking,video,,environmental,organic,technical,,,bed linen,college close-up,EI Nino,flying speed,honeymoon suite,leisure activities,mosquito net,postal survey,scientific research,stuff of purse,X-ray,running,,spine,moderate,hibernation,contribution
block,consumption,exchange,herb,lung,plans,review,speed,view,,essential,overall,theoretical,,,be prone to,common residence,Eagle Road,food processing,historical museum,level of maturity,mother-in-law,power company,scores,subject access guide,weaving blanket,Wedding,,pest,rack,hormone,humidity
blouse,contact,excitement,hero,machine,plant,revision,spending,village,,excited,overhead,traditional,,,beginning course,common room,eastern beach,food and oil,history of school,lemon tree,movie poster,practical material,sea otter,subject access,water fee,banned,,intermediate,occupancy,squirrel,barrier
board,container,excursion,heroes,magazine,planting,rice,spider,vinegar,,exciting,overseas,troublesome,,,belts,common sense,eat harmful insects,food chain,historical maps,letter of recommendation,movement of muscle,practical skills,sea urchin,submit the document,water heater,current,,laundry,eggplant,satisfaction,tuna
boarder,contaminants,excuse,heroine,maid,plastic,rider,sponsor,visa,,existent,parental,typical,,,biological clock,communication skills,economic growth,focus on,horror film,library card,music equipment,precautions,sea watch,sufficient details,water park,currency,,survey,shellfish,chronological,gill
boat,contamination,exercises,hike,mail,plate,riders,spoons,visitor,,expensive,payable,unanimous,,,black raincoat,communication strategies,economic history,football club,hot dog,library resource,music instrument,precious stone,seafood restaurant,supportive atmosphere,water resources,cooperate,,rape,bakery,distracting,cables
bone,content,exhibition,hiking,majority,player,risk,sportsman,vitamin,,experienced,perfect,uncomfortable,,,black skirt,communication technology,economy class,football match,hot meal,life science,notice board,presentation skills,seat belt,support service,water sking,crossroads,,pegs,advisor=adviser,semantic,oyster
bowl,continent,existence,hint,making,playground,river,spot,vocation,,experimental,personal,unconvincing,,,black tea,conference reports,education exhibition,for sale,hothouse effect,life cycle,name badge,President's suite,seating capacity,sun's position,weekly return,dessert,,scaffold,vehicle,strategy,guessing
bowling,contract,existing,hints,male,pleasure,robot,stability,volunteer,,extensive,physical,underground,,,black trousers,contact list,education officer,forestry industry,,life expectancy,native animals,previous data,second floor,suntan block,welcome package,dissertation,,hazel,lorry,procedure,relaxation
branch,contracts,expansion,historian,manager,pocket,rock,stack,volunteers,,extra,pleasant,unfair,,,black velvet,company actions,education standard,formal clothes,,life insurance,negative effect,previous insurance company,second-hand textbooks,sun cream,welcome party,different,,portrait,inconvenience,diploma,concentration
breakfast,controversy,expense,hit,mane,point,rocket,stage,waist,,fair,political,unhealthy,,,blocks,compulsory course,education system,four nights,,lights,natural medicine,previous result,secondary school,summary report,welfare department,difference,,symbolism,module,measurements,literacy
brick,convenience,experiment,hits,manufacture,police,role,stair,waiter,,fake,pop,unique,,,blood flow,computer model,electronic director,fortnight,,link to,natural museum,previous studies,second-year student,survey conducted,Western Europe,dinner,,mud,newsagent's,group discussion marks,predators
bridge,cooperations,expert,hobby,map,poll,,standard,walk,,,,united,,,blood sample,computer programmer,electric fan,fourth-year student,,literary film,natural fibre,price list,sedentary lifestyle,survey of reading,wheelchair,dizzy,,variable,harvested,middle term test,molt
brochures,cop,explanation,holiday,margin,pollutant,,star,walking,,,,unreliable,,,bloom of flowers,computer sound card,electricity bill,,,list of headings,new technologies,principal,selection method,survival course,white meat,little,,certificate,opened,data analysis,diversity
building,copy,explosion,horse,mark,pollute,,starter,wall,,,,unsocial,,,blue sweater,computer system,electricity fee,,,list of objectives,nights,printed card,self-access lab,swimming costume,wholesale,pizza,,liquids,expanded,photo statistics,cement
bungalow,corporation,exposition,hospital,market,pollution,,starting,world,,,,unusual,,,boarding school,connecting flight,electronic dictionary,,,lecture theatre,night shift,printed catalogue,self-defense,swimming in waterfall,wide reading,discuss,,plastic,promotion,extra time,cognitive
burger,corpse,exposure,housework,marketing,port,,state,warming,,,,useful,,,boat trip,concert hall,email attachment,,,,no allergy,private bathroom,self-service restaurant,swimming pool,wide writing,discussion,,storage,waterproof,communication system,peers
burglar,correspondence,extension,housing,marsh,position,,statement,washing,,,,useless,,,book in advance,concert room,email account,,,,no charge,private property,senior advisor=adviser,swimming suit,widen one's horizon,speech,,Sweden,overfill,personal interest,rational
bus,cost,facility,households,master,post,,station,wasp,,,,usual,,,book reservation,classical music,email address,,,,no nuts,private school,senior manager,TA,widen one's view,suggestion,,vest,solar pump,secretary of department,willing
cab,costume,factor,hour,mat,postgraduate,,status,waste,,,,various,,,bones,,emergency contact person,,,,non-medicine items,private trip,senior staff,tablets,wind power,door,,grocery,urban garden,computer office,instinct
,cot,factory,,matching,particulars,,steak,wasteland,,,,violent,,,bowling alley,,emergency telephone number,,,,non-stop flight,prize giving,sense of achievement,take notes,wind tunnels,dollar,,socialise,visitor centre,past course materials,reward
,cottage,,,material,,,steam,water,,,,virtual,,,botanical garden,,dial,,,,not check identities,professional learning,sense of success,take blood pressure,window dressing,floor,,lemon,special feature,international reputation,boiler
,cough,,,maturity,,,step,wave,,,,visible,,,,,,,,,not for circulation,project work,sensible exercise,take one's temperature,wing design,poor,,congratulations,unaccompanied children,history research,monument
,council,,,maximum,,,sting,wax,,,,visual,,,,,,,,,number of exposure,project background,sentences,take regular exercise,withdraw cash,efficient,,pump,under-age children,conference report,drawback
,country,,,meal,,,stock,wealth,,,,warm,,,,,,,,,number of occupants,project outline,service manager,take risks,woman author,essential,,mat,racing car,ground plan,obligation
,course,,,measure,,,stomach,weapon,,,,washable,,,,,,,,,nursing care,profits,set money aside,taxi stand,wood should be cut and seasoned,exaggerate,,mirror,comment card,chat rooms,responsibility
,crack,,,measurement,,,stomachache,weather,,,,wealthy,,,,,,,,,Nursing Diploma,psychological patients,shared bathroom,technical vocabulary,work objective,essay,,map,booking form,computer skills,rags
,craft,,,meat,,,stone,weeds,,,,weekly,,,,,,,,,occupational factors,psychological course,shared social area,technical institution,work place,embassy,,birdwatching,cabin keys,teaching staff,rainbow
,cream,,,media,,,store,week,,,,western,,,,,,,,,nursery,public transport,shear the sheep,teaching club,work systematically,issue,,identification,room services,global listening,desert
,credit,,,medication,,,story,weekday,,,,whole,,,,,,,,,nursery school,public awareness,sheep and cattle,teaching hours,World Expo,curriculum,,moderate,after formality,eye contacts,lizard
,creek,,,medicine,,,strategy,weekend,,,,wide,,,,,,,,,obligatory course,public examination,sheep shearing,teaching method,wretched boat,express,,date of birth,music video,card catalog (catalogue),institution
,crime,,,medium,,,strength,weight,,,,wise,,,,,,,,,self-sufficient,public facilities,shift work,teaching staff,wild animals,congress,,internet cafe,camera man,lack of soil,authority
,crisis,,,method,,,strike,welfare,,,,worthwhile,,,,,,,,,off campus,public health,shop assistant,teaching syllabus,youth hostel,pressed,,type of insurance,traffic noise,food pest,shrimps
,crocodile,,,microphone,,,style,west,,,,worthy,,,,,,,,,office assistant,public interest,shop manager,teachers and faculty,your own embassy,pressure,,fish tank,sculpture garden,environmental damage,moisture
,crop,,,migration,,,subject,wetland,,,,,,,,,,,,,overfill,public school,shopping centre,tape recorder,yellow fever,fee,,snow boarding,oil painting,food chain,ultraviolet
,cultivation,,,mile,,,submit,whale,,,,,,,,,,,,,oil explosion,public service,shopping list,telephone survey,,feedback,,membership limitation,quarantine service,fill in worksheet,bubble
,culture,,,mileage,,,subsidy,wheel,,,,,,,,,,,,,olive oil,public skills,shopping mall,television drama,,ferry,,planning meeting,postal items,model guide,passion
,cup,,,milk,,,suburb,width,,,,,,,,,,,,,OHPEN,quality of teaching,shortage of money,temple wall,,fossil,,drama workshop,plant seeds,video camera,responsible
,cupboard,,,mine,,,sugar,willows,,,,,,,,,,,,,,quality of education,sick note,temples,,food,,outdoor activities,live music,measuring equipment,landmarks
,curtain,,,mineral,,,suit,wind,,,,,,,,,,,,,,quality of personnel,side effects,tennis club,,foot,,group deposit,meeting point,natural ability,robots
,customer,,,mill,,,sunshield,wing,,,,,,,,,,,,,,quarry tiles,safari Z00,terraced house,,football,,joining fee (s),craft fair,good effort,psychology
,cutlery,,,minimum,,,supervisor,word,,,,,,,,,,,,,,property insurance,safari park,terrestrial heat,,footprint,,dance classes,fringe stage, leadership skill,varied
,cycle,,,minute,,,supports,workforce,,,,,,,,,,,,,,question handling,similar experiments,tertiary education,,goods,,leisure centre,exhibitor entrance,accessible discussion,planet
,cycling,,,mixture,,,surface,working,,,,,,,,,,,,,,Queen's suite,single item,text structure,,gallon,,round tables,arm badge,braking system,ethnics
,damage,,,model,,,surgeon,wound,,,,,,,,,,,,,,queen-sized bed,size of population,textbook allowance,,grammar,,bunch of flowers,academic record,environmental issues,nomad
,danger,,,money,,,surname,writing,,,,,,,,,,,,,,Queen's Park,size of sample,the marketing department,,handbook,,total deposit,class representative,management of change,eggplant
,data,,,monopoly,,,surprise,year,,,,,,,,,,,,,,RA (research assistant),silver cloth,the disabled,,textbook,,delivery fee,local artists,financial aids,camel
,date,,,month,,,survey,yoga,,,,,,,,,,,,,,railway rail,,the old,,notebook,,special items,river taxi,working style,slaves
,day,,,mood,,,survival,youth,,,,,,,,,,,,,,railway station,,the poor,,newsletters,,high seasons,traffic jam,late submission,vegetation
,deadline,,,morality,,,sweater,zero,,,,,,,,,,,,,,railway tracks,,the Milkly Way,,hippo,,country living,traffic lights,lack of research,lighting
,debate,,,mosquito,,,switch,,,,,,,,,,,,,,,railway worker,,,,hoover,,peaceful environment,calling fee,farming method,fossil
,,,,motel,,,switches,,,,,,,,,,,,,,,random selection,,,,horror,,eating out,computer breakdown,knowledge sharing,grocery
,,,,mountain,,,symptom,,,,,,,,,,,,,,,,,,,hall,,existing skills,express trains,uniform level,numerous
,,,,,,,syndicate,,,,,,,,,,,,,,,,,,,immune,,house agent,high winds,seating capacity,repellent
,,,,,,,syrup,,,,,,,,,,,,,,,,,,,irrigation,,investment schemes,self-cafeteria,picture framing,odd
,,,,,,,system,,,,,,,,,,,,,,,,,,,irritation,,branch manager,local hero (es),packing materials,factual
,,,,,,,table,,,,,,,,,,,,,,,,,,,useless,,house insurance,European painting,story conference,purple
,,,,,,,tablet,,,,,,,,,,,,,,,,,,,impossible,,side entrance/gate,learning zone,stage production,consolidation
,,,,,,,tape,,,,,,,,,,,,,,,,,,,incorrect,,client engineer,historical photograph,planning meeting,conscious
,,,,,,,tax,,,,,,,,,,,,,,,,,,,innovation,,post office,cinema zone,videotape editor,auditory
,,,,,,,,,,,,,,,,,,,,,,,,,,interviewee,,horse riding,coffee shop,population movement,symptom
,,,,,,,,,,,,,,,,,,,,,,,,,,lessen,,office furniture,garden tools,interview method,medication
,,,,,,,,,,,,,,,,,,,,,,,,,,degree,,hot chocolate,garden pots,exam preparation,intimate
,,,,,,,,,,,,,,,,,,,,,,,,,,likelihood,,advanced lessons,tap water,weaker students,nightmare
,,,,,,,,,,,,,,,,,,,,,,,,,,firewood,,warm clothing,professional knowledge,external organisation,teaspoon
,,,,,,,,,,,,,,,,,,,,,,,,,,matter,,free entry,special buses,word limit,beetroot
,,,,,,,,,,,,,,,,,,,,,,,,,,mammal,,toy factory,education facilities,internet connections,retrieval
,,,,,,,,,,,,,,,,,,,,,,,,,,mass,,large slide,order form,professional learning,prompt
,,,,,,,,,,,,,,,,,,,,,,,,,,massage,,petrol station,check number,in-class simulation,impairment
,,,,,,,,,,,,,,,,,,,,,,,,,,midday,,evening appointment,signed delivery note,video recording,autism
,,,,,,,,,,,,,,,,,,,,,,,,,,million,,employment medical certificate,unappealing appearance,plastic bottle,autistic
,,,,,,,,,,,,,,,,,,,,,,,,,,narrator,,regular check,black swans,residence hall,textile
,,,,,,,,,,,,,,,,,,,,,,,,,,lookout,,sports injury,historical exhibition,life science,long-lasting
,,,,,,,,,,,,,,,,,,,,,,,,,,occasion,,heart disease,hot meal,financial planning,poisonous
,,,,,,,,,,,,,,,,,,,,,,,,,,occupant,,space museum,head office,medical skills,medal
,,,,,,,,,,,,,,,,,,,,,,,,,,occupation,,sun cream,music room,customer relationship,additive
,,,,,,,,,,,,,,,,,,,,,,,,,,occupational,,personal attention,classroom tour,department head,ingredient
,,,,,,,,,,,,,,,,,,,,,,,,,,offer,,paddling pool,tea and coffee,interview questions,consumer
,,,,,,,,,,,,,,,,,,,,,,,,,,office,,central heating,chess club,identity card,colony
,,,,,,,,,,,,,,,,,,,,,,,,,,officer,,bank statement,monthly magazines,dress code,cultivation
,,,,,,,,,,,,,,,,,,,,,,,,,,passage,,book reservation,animal life,preserve memories,consumption
,,,,,,,,,,,,,,,,,,,,,,,,,,passport,,daytime temperature,social event,show off status,accept
,,,,,,,,,,,,,,,,,,,,,,,,,,password,,cable car,annual report,reflect tastes,emotions
,,,,,,,,,,,,,,,,,,,,,,,,,,pattern,,outdoor swimming pool,spare socks,personal identity,purpose
,,,,,,,,,,,,,,,,,,,,,,,,,,paddle,,baseball coach,total block,local community,corn
,,,,,,,,,,,,,,,,,,,,,,,,,,penny,,coral reef,local museum,storage warehouse,rivals
,,,,,,,,,,,,,,,,,,,,,,,,,,personnel,,rock pool,secondary project,social information,complex
,,,,,,,,,,,,,,,,,,,,,,,,,,pottery,,maintenance of gardens,late afternoon,creative ideas,segments
,,,,,,,,,,,,,,,,,,,,,,,,,,process,,town hall,back entrance,living expenses,timber
,,,,,,,,,,,,,,,,,,,,,,,,,,processing,,good value,storage space,survey methods,sustainable
,,,,,,,,,,,,,,,,,,,,,,,,,,profession,,ice pack,emergency button,flour outlet,fertiliser
,,,,,,,,,,,,,,,,,,,,,,,,,,professor,,alarm system,hot spring,permanent records,rabbit
,,,,,,,,,,,,,,,,,,,,,,,,,,questionnaire,,order section,disabled people,optional course,microscope
,,,,,,,,,,,,,,,,,,,,,,,,,,possibility,,walking boots,specific period,drinking machines,nutrition
,,,,,,,,,,,,,,,,,,,,,,,,,,opportunities,,advanced level,minimum period,cash machine,flavour
,,,,,,,,,,,,,,,,,,,,,,,,,,robber,,book keeper,health check,laundry service,drugs
,,,,,,,,,,,,,,,,,,,,,,,,,,otter,,washing staff,sports equipment,photocopy office,whistle
,,,,,,,,,,,,,,,,,,,,,,,,,,rubbish,,home welcome,town hall,self-access lab,instinctive
,,,,,,,,,,,,,,,,,,,,,,,,,,Russia,,evening meals,baby kangaroo,electronic directory,critical
,,,,,,,,,,,,,,,,,,,,,,,,,,school,,health service,part-time job,text structure,preserved
,,,,,,,,,,,,,,,,,,,,,,,,,,kangaroo,,old-fashioned exterior,business courses,digital history,poet
,,,,,,,,,,,,,,,,,,,,,,,,,,Scottish,,limited parking,senior staff,media studies,antibiotic
,,,,,,,,,,,,,,,,,,,,,,,,,,screen,,name cards,English channel,natural resources,varied
,,,,,,,,,,,,,,,,,,,,,,,,,,seafood,,service manager,tropical zone,environmental projects,wildlife
,,,,,,,,,,,,,,,,,,,,,,,,,,settlement,,private company,tower view,global access,landmark
,,,,,,,,,,,,,,,,,,,,,,,,,,shuttle,,silver package,elephant zone,listening task,moisture
,,,,,,,,,,,,,,,,,,,,,,,,,,shopping,,family photo,travel centre,book loan,chemicals
,,,,,,,,,,,,,,,,,,,,,,,,,,swimming,,energy saving,travel package,compulsory course,concentrated
,,,,,,,,,,,,,,,,,,,,,,,,,,skiing,,driving licence/license,budget trip,full-time study,restrained
,,,,,,,,,,,,,,,,,,,,,,,,,,setting,,job title,long vacation,flexible-time study,documentation
,,,,,,,,,,,,,,,,,,,,,,,,,,steel,,type of magazine,supportive atmosphere,active volcano,tutorials
,,,,,,,,,,,,,,,,,,,,,,,,,,steering,,starting salary,store room,extinct volcano,reflective
,,,,,,,,,,,,,,,,,,,,,,,,,,stress,,calling diversion,coffee machine,cleaning products,journalism
,,,,,,,,,,,,,,,,,,,,,,,,,,stressful,,renew passport,front desk,placement test,depth
,,,,,,,,,,,,,,,,,,,,,,,,,,stiff,,current address,seating area,company premises,remember
,,,,,,,,,,,,,,,,,,,,,,,,,,staff,,flower shop,local residents,leisure activities,navigational
,,,,,,,,,,,,,,,,,,,,,,,,,,stuff,,nursery supervisor,board games,senior advisor,signature
,,,,,,,,,,,,,,,,,,,,,,,,,,cliff,,gold stars,massage room,visual aids,evolution
,,,,,,,,,,,,,,,,,,,,,,,,,,success,,film festival,equal length,fossil remains,mapping
,,,,,,,,,,,,,,,,,,,,,,,,,,successful,,special requirement,training course,human interference,commerce
,,,,,,,,,,,,,,,,,,,,,,,,,,session,,back row,tutorial fee,natural routine work,standard
,,,,,,,,,,,,,,,,,,,,,,,,,,concession,,dark trousers,administration officer,coffee bar,Greek
,,,,,,,,,,,,,,,,,,,,,,,,,,summary,,furniture designers,security officer,shop display,dominant
,,,,,,,,,,,,,,,,,,,,,,,,,,summer,,monthly rent,fire drill,personla service,mixture
,,,,,,,,,,,,,,,,,,,,,,,,,,summit,,preferred occupation,card making,current study,cosmetics
,,,,,,,,,,,,,,,,,,,,,,,,,,supplementary,,previous major,interior design,video approach,hospitality
,,,,,,,,,,,,,,,,,,,,,,,,,,supply,,previous working experience,water colour painting,job opportunities,symbols
,,,,,,,,,,,,,,,,,,,,,,,,,,support,,decoration balloons,venue change,higher fees,flavours
,,,,,,,,,,,,,,,,,,,,,,,,,,supportive,,vegetable burger,minimum age,borrowed language,enlargement
,,,,,,,,,,,,,,,,,,,,,,,,,,tennis,,safety regulations,regional competition,confidence building,critics
,,,,,,,,,,,,,,,,,,,,,,,,,,tunnel,,return tickets,special price,numeracy skill,protected
,,,,,,,,,,,,,,,,,,,,,,,,,,toothache,,error message,mixed age,networking opportunities,infection
,,,,,,,,,,,,,,,,,,,,,,,,,,traffic,,customer service officer,government fund,research method,stimulate
,,,,,,,,,,,,,,,,,,,,,,,,,,terraced,,garden room,local community,audio recording,description
,,,,,,,,,,,,,,,,,,,,,,,,,,terrestrial,,sleeping bag,control room,lack of participation,lonely
,,,,,,,,,,,,,,,,,,,,,,,,,,vaccine,,isolated spot,waiting room,community reference,industrial
,,,,,,,,,,,,,,,,,,,,,,,,,,vacuum,,washing machine,cup cleaning,council meeting,trumpet
,,,,,,,,,,,,,,,,,,,,,,,,,,waitress,,car number,animal protection,renewable energy,receiver
,,,,,,,,,,,,,,,,,,,,,,,,,,willow,,group trip,reset button,nuclear plants,magnet
,,,,,,,,,,,,,,,,,,,,,,,,,,weed,,self drive,experience skills,traditional resource,pottery
,,,,,,,,,,,,,,,,,,,,,,,,,,wood,,non-smoking room,contact number,small electric equipment,lions
,,,,,,,,,,,,,,,,,,,,,,,,,,woods,,culture centre,art museum,solar panel,emperor
,,,,,,,,,,,,,,,,,,,,,,,,,,zoo,,dreamtime under stars,stunning view,sports shoes,feathers
,,,,,,,,,,,,,,,,,,,,,,,,,,,,modern authors,street art,poor paying,perfumes
,,,,,,,,,,,,,,,,,,,,,,,,,,,,long stick,horseback riding,overseas training,wealth
,,,,,,,,,,,,,,,,,,,,,,,,,,,,free parking,tent (ed) accommodation,no chemical reaction,taxes
,,,,,,,,,,,,,,,,,,,,,,,,,,,,weekly return,wild animals,current material,low impact
,,,,,,,,,,,,,,,,,,,,,,,,,,,,extra room,stress level (s),brief notes,alternative energy
,,,,,,,,,,,,,,,,,,,,,,,,,,,,bank transfer,fancy dress,supportive atmosphere,roads and bridges
,,,,,,,,,,,,,,,,,,,,,,,,,,,,short time,family ticket,essential training,high absence rate
,,,,,,,,,,,,,,,,,,,,,,,,,,,,required date,concert room,university support staff,persuasive writing
,,,,,,,,,,,,,,,,,,,,,,,,,,,,accommodation type,weather observing,background reading,academic essays
,,,,,,,,,,,,,,,,,,,,,,,,,,,,bills and meals,free transportation,online forum,ocean conditions
,,,,,,,,,,,,,,,,,,,,,,,,,,,,sports centre,fitness centre,soil sample,study ability
,,,,,,,,,,,,,,,,,,,,,,,,,,,,road runners,thick trousers,blood pressure,simple memories
,,,,,,,,,,,,,,,,,,,,,,,,,,,,job requirement,shuttle bus (es),stress level,information sector
,,,,,,,,,,,,,,,,,,,,,,,,,,,,current occupation,virtual volunteer,school stadiums,digital store
,,,,,,,,,,,,,,,,,,,,,,,,,,,,length of stay,feed animals,school gym,volcanic dust
,,,,,,,,,,,,,,,,,,,,,,,,,,,,type of accommodation,cake factory,lessoxygen,bar code
,,,,,,,,,,,,,,,,,,,,,,,,,,,,spring park,smoke alarm,accurate date,climate change
,,,,,,,,,,,,,,,,,,,,,,,,,,,,starting date,lookout point,similar age,learning difficulty
,,,,,,,,,,,,,,,,,,,,,,,,,,,,reference number,face painting,sports activities,reading difficulty
,,,,,,,,,,,,,,,,,,,,,,,,,,,,estimated value,member restaurant,art institution,low nutrition
,,,,,,,,,,,,,,,,,,,,,,,,,,,,family use,gallery shop,abstract design,desert habitat
,,,,,,,,,,,,,,,,,,,,,,,,,,,,safety check,food containers,largest proportion,no change
,,,,,,,,,,,,,,,,,,,,,,,,,,,,preferred equipment,good shoes,observation checklist,extra resources
,,,,,,,,,,,,,,,,,,,,,,,,,,,,flight service,formal clothes,non=observation method,private property
,,,,,,,,,,,,,,,,,,,,,,,,,,,,off-peak time,dance show,test results,fruit growing
,,,,,,,,,,,,,,,,,,,,,,,,,,,,maximum price,delivery note,original jewellery,specialised software
,,,,,,,,,,,,,,,,,,,,,,,,,,,,helicopter trip,mountain climbing,wood curve,chewing gum
,,,,,,,,,,,,,,,,,,,,,,,,,,,,membership number,coach trip,crisis management,water pipes
,,,,,,,,,,,,,,,,,,,,,,,,,,,,organic food,bush fire,monitoring progress,big company
,,,,,,,,,,,,,,,,,,,,,,,,,,,,sports equipment,attraction zone,program assessment,action plan
,,,,,,,,,,,,,,,,,,,,,,,,,,,,poor quality,handle animals,team building,window glass
,,,,,,,,,,,,,,,,,,,,,,,,,,,,fresh products,good washing facilities,budget management,road building
,,,,,,,,,,,,,,,,,,,,,,,,,,,,organic farming,trial test,finding investment,knife handle
,,,,,,,,,,,,,,,,,,,,,,,,,,,,cycling route,provisional license,insufficient revenue,olive oil
,,,,,,,,,,,,,,,,,,,,,,,,,,,,language skill,practical theory,food shortage,goat skin
,,,,,,,,,,,,,,,,,,,,,,,,,,,,group discount,pretzel factory,power cut,high temperatures
,,,,,,,,,,,,,,,,,,,,,,,,,,,,night flight,train ride,visual guidance,land bridge
,,,,,,,,,,,,,,,,,,,,,,,,,,,,White Mountain,prepare refreshments,information resources,fresh meat
,,,,,,,,,,,,,,,,,,,,,,,,,,,,dust bag,weather forecast,reference letter,food intake
,,,,,,,,,,,,,,,,,,,,,,,,,,,,golf court,hot balloon,flexible study time,eating pattern
,,,,,,,,,,,,,,,,,,,,,,,,,,,,rock climbing,family-fast-line track ticket,lab facilities,transport museum
,,,,,,,,,,,,,,,,,,,,,,,,,,,,friendly faces,fast line ticket,medicine science,water tanks
,,,,,,,,,,,,,,,,,,,,,,,,,,,,no nuts,cowboy show ride,engine capacity,government election
,,,,,,,,,,,,,,,,,,,,,,,,,,,,grocery stores,herbal treatment,greater utility,car tax
,,,,,,,,,,,,,,,,,,,,,,,,,,,,egg cartons,skating rink,safe car,food chain
,,,,,,,,,,,,,,,,,,,,,,,,,,,,juice bottles,one-to-one coach,extra height,textile factory
,,,,,,,,,,,,,,,,,,,,,,,,,,,,electricity supply,introductory price,field of vision,tea tree oil
,,,,,,,,,,,,,,,,,,,,,,,,,,,,protection policy,gym room,commercial applications,video cameras
,,,,,,,,,,,,,,,,,,,,,,,,,,,,group booking discount,heart monitor,economic purpose,carbon dioxide
,,,,,,,,,,,,,,,,,,,,,,,,,,,,sick pay,free massage,high cost,global warming
,,,,,,,,,,,,,,,,,,,,,,,,,,,,van driver,water bottle,cost of insurance,online service
,,,,,,,,,,,,,,,,,,,,,,,,,,,,leather shoes,beach front view,destination desert,social activities
,,,,,,,,,,,,,,,,,,,,,,,,,,,,advertising company,bright fabric,marine desert,further training
,,,,,,,,,,,,,,,,,,,,,,,,,,,,teaching venue,well-known singer,social interactions,internal flight
,,,,,,,,,,,,,,,,,,,,,,,,,,,,total payment,bottle collection,unexpected noise,traffic flow
,,,,,,,,,,,,,,,,,,,,,,,,,,,,vegetarian food,ink cartridge,unbalanced skill improvements,short stroke
,,,,,,,,,,,,,,,,,,,,,,,,,,,,different performers,picnic area,gradual way,large-scale housing
,,,,,,,,,,,,,,,,,,,,,,,,,,,,new opera,meal ticket,job responsibilities,group meeting
,,,,,,,,,,,,,,,,,,,,,,,,,,,,fridge model,fuel consumption,local faculty,standard feedback
,,,,,,,,,,,,,,,,,,,,,,,,,,,,top mount,oil filter,material background,mission statement
,,,,,,,,,,,,,,,,,,,,,,,,,,,,financial loss,global travel,unanswered questions,training session
,,,,,,,,,,,,,,,,,,,,,,,,,,,,on the rack,loss of instruments,standard format,soil damage
,,,,,,,,,,,,,,,,,,,,,,,,,,,,long strap,steer the boat,practical knowledge,broken axe
,,,,,,,,,,,,,,,,,,,,,,,,,,,,leather jacket,marine animals,business journalism,fish bones
,,,,,,,,,,,,,,,,,,,,,,,,,,,,total value,marine history,scientific term,triangle-shaped
,,,,,,,,,,,,,,,,,,,,,,,,,,,,public outskirts,meadow campsite,childish language,absence rate
,,,,,,,,,,,,,,,,,,,,,,,,,,,,customer service,caravan park,seed germination,green tax
,,,,,,,,,,,,,,,,,,,,,,,,,,,,international express,green lounge,objective matters,transport service
,,,,,,,,,,,,,,,,,,,,,,,,,,,,postal fee,cash point,housing project,sleeping disturbance
,,,,,,,,,,,,,,,,,,,,,,,,,,,,lost mails,unregistered taxi,colors and fonts,public square
,,,,,,,,,,,,,,,,,,,,,,,,,,,,ID code numbers,plastic bag,book allowance,feeding time
,,,,,,,,,,,,,,,,,,,,,,,,,,,,student discount,compulsory modules,greater utility,vertical cabin
,,,,,,,,,,,,,,,,,,,,,,,,,,,,leather shoes,objective matters,unexpected noise,ask for apology
,,,,,,,,,,,,,,,,,,,,,,,,,,,,comfortable shoes,final score,unexpected noise,voices and faces
,,,,,,,,,,,,,,,,,,,,,,,,,,,,daytime class,ancient history,,heart rate
,,,,,,,,,,,,,,,,,,,,,,,,,,,,value of money,wooden peg,,red blood cell
,,,,,,,,,,,,,,,,,,,,,,,,,,,,in transit,animal bones,,Indian tribes
,,,,,,,,,,,,,,,,,,,,,,,,,,,,length of waiting,roof scaffold,,grain pattern
,,,,,,,,,,,,,,,,,,,,,,,,,,,,electronic game centre,changing room,,prime motivation
,,,,,,,,,,,,,,,,,,,,,,,,,,,,free recipe,hospital comedy,,streets and roads
,,,,,,,,,,,,,,,,,,,,,,,,,,,,Asian cooking class,family life,,forest planet
,,,,,,,,,,,,,,,,,,,,,,,,,,,,conference centre,science fiction,,extra resources
,,,,,,,,,,,,,,,,,,,,,,,,,,,,business companies,heavy stuff,,ship building
,,,,,,,,,,,,,,,,,,,,,,,,,,,,inconvenient location,business district,,natural fibre
,,,,,,,,,,,,,,,,,,,,,,,,,,,,basic package,garden tools,,melting pot
,,,,,,,,,,,,,,,,,,,,,,,,,,,,good performance,exotic plants,,carbon mining
,,,,,,,,,,,,,,,,,,,,,,,,,,,,public show,building materials,,fishing lesson
,,,,,,,,,,,,,,,,,,,,,,,,,,,,vocal class,single session,,known world
,,,,,,,,,,,,,,,,,,,,,,,,,,,,course fee,English proficiency,,silver coins
,,,,,,,,,,,,,,,,,,,,,,,,,,,,personal tutor,police offence,,Roman emperor
,,,,,,,,,,,,,,,,,,,,,,,,,,,,ozone layer,traffic violation,,social conformity
,,,,,,,,,,,,,,,,,,,,,,,,,,,,coastal roads,practical elements,,law firm
,,,,,,,,,,,,,,,,,,,,,,,,,,,,changing room,tuition fees,,protective clothing
,,,,,,,,,,,,,,,,,,,,,,,,,,,,extra transportation cost,compulsory course,,market share
,,,,,,,,,,,,,,,,,,,,,,,,,,,,personal use,agriculture fair,,reflective practice
,,,,,,,,,,,,,,,,,,,,,,,,,,,,baseball coach,annual report,,habitat loss
,,,,,,,,,,,,,,,,,,,,,,,,,,,,side gate,electric card,,rich experiences
,,,,,,,,,,,,,,,,,,,,,,,,,,,,central heating,solar panels,,zero noisy
,,,,,,,,,,,,,,,,,,,,,,,,,,,,green ride,electric cooker,,durable contracture
,,,,,,,,,,,,,,,,,,,,,,,,,,,,child seat,gas cooker,,land resources
,,,,,,,,,,,,,,,,,,,,,,,,,,,,,enquiry desk=inquiry desk,,fish farming
,,,,,,,,,,,,,,,,,,,,,,,,,,,,,campus clinic,,hospitality industry
,,,,,,,,,,,,,,,,,,,,,,,,,,,,,local owners,,time and sequence
,,,,,,,,,,,,,,,,,,,,,,,,,,,,,clothes manufacturing,,language barrier
,,,,,,,,,,,,,,,,,,,,,,,,,,,,,professional model,,wealthy people
,,,,,,,,,,,,,,,,,,,,,,,,,,,,,fashion exhibition,,food prices
,,,,,,,,,,,,,,,,,,,,,,,,,,,,,limited time,,presence rate
,,,,,,,,,,,,,,,,,,,,,,,,,,,,,toy train,,direct route
,,,,,,,,,,,,,,,,,,,,,,,,,,,,,gift shop,,tracking devices
,,,,,,,,,,,,,,,,,,,,,,,,,,,,,free locker,,operation manager
,,,,,,,,,,,,,,,,,,,,,,,,,,,,,personal belongings,,fish hooks
,,,,,,,,,,,,,,,,,,,,,,,,,,,,,curriculum vitae,,rare glass
,,,,,,,,,,,,,,,,,,,,,,,,,,,,,volunteer list,,cooperation process
,,,,,,,,,,,,,,,,,,,,,,,,,,,,,luggage lockers,,social glue
,,,,,,,,,,,,,,,,,,,,,,,,,,,,,bike racks,,carpet case
,,,,,,,,,,,,,,,,,,,,,,,,,,,,,waiting room,,transport system
,,,,,,,,,,,,,,,,,,,,,,,,,,,,,test room,,hand torch
,,,,,,,,,,,,,,,,,,,,,,,,,,,,,meadow campsite,,boring content
,,,,,,,,,,,,,,,,,,,,,,,,,,,,,green lounge,,traditional lecture
,,,,,,,,,,,,,,,,,,,,,,,,,,,,,dinosaur bones,,regular basis
,,,,,,,,,,,,,,,,,,,,,,,,,,,,,night tour trip,,extreme sports
,,,,,,,,,,,,,,,,,,,,,,,,,,,,,artificial light,,lifestyle sports
,,,,,,,,,,,,,,,,,,,,,,,,,,,,,mineral resources,,better equipment
,,,,,,,,,,,,,,,,,,,,,,,,,,,,,racing car,,traditional sports
,,,,,,,,,,,,,,,,,,,,,,,,,,,,,face painting,,restricted regulations
,,,,,,,,,,,,,,,,,,,,,,,,,,,,,wood of hazel,,regular training
,,,,,,,,,,,,,,,,,,,,,,,,,,,,,building wood,,individual competition
,,,,,,,,,,,,,,,,,,,,,,,,,,,,,heavy stuff,,sense of community
,,,,,,,,,,,,,,,,,,,,,,,,,,,,,annual report,,salt content
,,,,,,,,,,,,,,,,,,,,,,,,,,,,,trade journals,,rice cultivation
,,,,,,,,,,,,,,,,,,,,,,,,,,,,,,,skin of frog
,,,,,,,,,,,,,,,,,,,,,,,,,,,,,,,glass bottle
,,,,,,,,,,,,,,,,,,,,,,,,,,,,,,,open roof
,,,,,,,,,,,,,,,,,,,,,,,,,,,,,,,sand base
,,,,,,,,,,,,,,,,,,,,,,,,,,,,,,,high protein
,,,,,,,,,,,,,,,,,,,,,,,,,,,,,,,fibre diet
,,,,,,,,,,,,,,,,,,,,,,,,,,,,,,,constant temperature
,,,,,,,,,,,,,,,,,,,,,,,,,,,,,,,average size
,,,,,,,,,,,,,,,,,,,,,,,,,,,,,,,good eyesight
,,,,,,,,,,,,,,,,,,,,,,,,,,,,,,,major illness
,,,,,,,,,,,,,,,,,,,,,,,,,,,,,,,quality of life
,,,,,,,,,,,,,,,,,,,,,,,,,,,,,,,physical changes
,,,,,,,,,,,,,,,,,,,,,,,,,,,,,,,particular disease
,,,,,,,,,,,,,,,,,,,,,,,,,,,,,,,dark blue veil
,,,,,,,,,,,,,,,,,,,,,,,,,,,,,,,scientific backup
,,,,,,,,,,,,,,,,,,,,,,,,,,,,,,,migration patterns
,,,,,,,,,,,,,,,,,,,,,,,,,,,,,,,preserved remains
,,,,,,,,,,,,,,,,,,,,,,,,,,,,,,,mineral soil
,,,,,,,,,,,,,,,,,,,,,,,,,,,,,,,tape measure
,,,,,,,,,,,,,,,,,,,,,,,,,,,,,,,soft sediment
,,,,,,,,,,,,,,,,,,,,,,,,,,,,,,,plant pot
,,,,,,,,,,,,,,,,,,,,,,,,,,,,,,,estate agent
,,,,,,,,,,,,,,,,,,,,,,,,,,,,,,,botanic garden
,,,,,,,,,,,,,,,,,,,,,,,,,,,,,,,emergency locator beacon
,,,,,,,,,,,,,,,,,,,,,,,,,,,,,,,digestive problem
,,,,,,,,,,,,,,,,,,,,,,,,,,,,,,,red blood cells
,,,,,,,,,,,,,,,,,,,,,,,,,,,,,,,weight loss
,,,,,,,,,,,,,,,,,,,,,,,,,,,,,,,fishing net
,,,,,,,,,,,,,,,,,,,,,,,,,,,,,,,pigeons and rats
,,,,,,,,,,,,,,,,,,,,,,,,,,,,,,,mineral soil
,,,,,,,,,,,,,,,,,,,,,,,,,,,,,,,still water
,,,,,,,,,,,,,,,,,,,,,,,,,,,,,,,stored temperature
,,,,,,,,,,,,,,,,,,,,,,,,,,,,,,,frozen food
,,,,,,,,,,,,,,,,,,,,,,,,,,,,,,,migration patterns
,,,,,,,,,,,,,,,,,,,,,,,,,,,,,,,olive oil
,,,,,,,,,,,,,,,,,,,,,,,,,,,,,,,goat skin
,,,,,,,,,,,,,,,,,,,,,,,,,,,,,,,particular disease
,,,,,,,,,,,,,,,,,,,,,,,,,,,,,,,mission statement
,,,,,,,,,,,,,,,,,,,,,,,,,,,,,,,administration officer
,,,,,,,,,,,,,,,,,,,,,,,,,,,,,,,machines or robots
,,,,,,,,,,,,,,,,,,,,,,,,,,,,,,,smooth ride
,,,,,,,,,,,,,,,,,,,,,,,,,,,,,,,rubber tyre
,,,,,,,,,,,,,,,,,,,,,,,,,,,,,,,desert locations
,,,,,,,,,,,,,,,,,,,,,,,,,,,,,,,southern Scotland
,,,,,,,,,,,,,,,,,,,,,,,,,,,,,,,head offices
,,,,,,,,,,,,,,,,,,,,,,,,,,,,,,,global market
,,,,,,,,,,,,,,,,,,,,,,,,,,,,,,,safe environment
,,,,,,,,,,,,,,,,,,,,,,,,,,,,,,,feeding time
,,,,,,,,,,,,,,,,,,,,,,,,,,,,,,,hearing loss
,,,,,,,,,,,,,,,,,,,,,,,,,,,,,,,silver coins
,,,,,,,,,,,,,,,,,,,,,,,,,,,,,,,maintain the gene diversity
,,,,,,,,,,,,,,,,,,,,,,,,,,,,,,,hinder domestic smells
,,,,,,,,,,,,,,,,,,,,,,,,,,,,,,,transport costs
,,,,,,,,,,,,,,,,,,,,,,,,,,,,,,,ship building
